M554-66-5612,U362-06-7884
M554-66-5612,U908-85-2825
M554-66-5612,U073-84-1826
M554-66-5612,U560-34-1933
M554-66-5612,U148-00-6125
M561-17-7653,U842-10-4508
M561-17-7653,U849-36-3865
M561-17-7653,U841-51-5311
M561-17-7653,U300-71-6070
M561-17-7653,U813-96-1350
M561-17-7653,U069-76-0616
M561-17-7653,U324-03-3326
M561-17-7653,U559-55-1193
M561-17-7653,U364-67-2754
M561-17-7653,U812-61-1619
M561-17-7653,U005-02-0074
M561-17-7653,U279-00-1005
M561-42-5345,U311-20-7681
M561-42-5345,U126-43-1475
M561-42-5345,U468-12-9914
M561-42-5345,U438-90-2961
M561-42-5345,U536-94-2982
M561-42-5345,U267-28-3175
M561-42-5345,U594-11-1907
M561-42-5345,U893-90-4997
M561-42-5345,U677-83-4795
M561-42-5345,U801-40-9293
M561-42-5345,U245-88-2121
M561-42-5345,U688-08-7883
M600-65-7029,U579-21-0002
M600-65-7029,U384-74-1967
M600-65-7029,U367-66-5409
M600-65-7029,U537-47-6979
M600-65-7029,U373-42-5154
M600-65-7029,U172-02-5145
M600-65-7029,U780-36-0292
M600-65-7029,U465-90-3946
M600-65-7029,U271-38-5215
M600-65-7029,U562-35-6952
M600-65-7029,U586-52-9831
M600-65-7029,U839-00-7945
M604-44-3457,U064-45-3599
M604-44-3457,U464-25-9872
M604-44-3457,U591-58-9539
M604-44-3457,U200-88-0130
M604-44-3457,U426-90-7879
M604-44-3457,U473-94-4885
M604-44-3457,U605-42-9164
M604-44-3457,U802-87-4485
M604-44-3457,U623-51-8165
M604-44-3457,U003-63-6415
M604-44-3457,U485-35-3837
M604-44-3457,U092-90-3803
M620-83-2606,U066-46-5101
M620-83-2606,U803-49-8748
M620-83-2606,U632-65-8877
M620-83-2606,U473-26-2824
M620-83-2606,U948-35-2711
M620-83-2606,U990-39-0823
M620-83-2606,U200-52-0320
M620-83-2606,U298-40-2954
M620-83-2606,U188-52-7435
M620-83-2606,U343-55-4683
M620-83-2606,U044-62-6314
M620-83-2606,U488-00-2149
M636-96-9246,U085-88-5762
M636-96-9246,U853-10-5531
M636-96-9246,U687-92-1014
M636-96-9246,U888-82-8386
M636-96-9246,U637-64-0656
M636-96-9246,U919-75-3966
M636-96-9246,U176-75-0877
M636-96-9246,U441-52-1643
M636-96-9246,U738-39-7877
M636-96-9246,U274-99-5967
M636-96-9246,U303-42-3120
M636-96-9246,U098-61-1303
M637-92-0032,U556-01-7952
M637-92-0032,U207-62-4360
M637-92-0032,U382-50-5701
M637-92-0032,U967-19-0190
M637-92-0032,U188-64-1030
M637-92-0032,U559-47-0935
M637-92-0032,U329-22-8476
M637-92-0032,U777-02-0144
M637-92-0032,U181-49-0116
M637-92-0032,U259-09-5143
M637-92-0032,U772-62-6982
M640-79-3024,U543-22-6674
M640-79-3024,U587-40-5652
M640-79-3024,U725-21-8783
M640-79-3024,U278-84-3549
M640-79-3024,U094-15-4996
M640-79-3024,U297-97-0913
M640-79-3024,U286-60-6988
M640-79-3024,U886-20-6714
M640-79-3024,U607-55-9713
M640-79-3024,U502-44-2140
M640-79-3024,U127-15-1796
M640-79-3024,U777-71-1954
M650-35-6050,U582-30-5578
M650-35-6050,U527-42-5616
M650-35-6050,U292-53-6642
M650-35-6050,U878-99-0063
M650-35-6050,U607-48-4765
M650-35-6050,U101-89-3555
M650-35-6050,U684-09-8819
M650-35-6050,U915-87-2135
M650-35-6050,U677-93-3805
M650-35-6050,U964-59-5100
M650-35-6050,U215-95-8840
M657-63-8335,U281-39-2693
M657-63-8335,U652-46-8271
M657-63-8335,U132-99-5602
M657-63-8335,U579-80-7188
M657-63-8335,U148-68-7319
M657-63-8335,U246-26-9000
M657-63-8335,U427-08-4686
M657-63-8335,U730-38-8638
M657-63-8335,U769-50-5340
M657-63-8335,U854-58-3829
M657-63-8335,U224-01-1572
M657-63-8335,U373-24-7187
M667-87-7119,U942-93-1351
M667-87-7119,U012-21-8932
M667-87-7119,U787-76-9379
M667-87-7119,U496-31-9121
M667-87-7119,U119-68-3890
M667-87-7119,U042-13-3090
M667-87-7119,U675-95-2198
M667-87-7119,U023-56-5575
M667-87-7119,U919-12-8140
M667-87-7119,U940-04-9700
M667-87-7119,U947-68-0377
M667-87-7119,U054-00-0331
M685-03-7325,U037-15-6213
M685-03-7325,U331-34-8352
M685-03-7325,U500-59-8971
M685-03-7325,U241-91-5981
M685-03-7325,U336-62-8894
M685-03-7325,U939-24-4029
M685-03-7325,U982-63-0758
M685-03-7325,U897-92-3580
M685-03-7325,U638-98-1826
M685-03-7325,U697-39-4847
M685-03-7325,U209-12-9126
M690-33-4847,U713-02-6025
M690-33-4847,U921-52-8997
M690-33-4847,U937-19-8137
M690-33-4847,U855-25-2693
M690-33-4847,U788-18-7400
M690-33-4847,U853-49-4989
M690-33-4847,U673-58-0492
M690-33-4847,U977-23-0316
M690-33-4847,U792-51-2469
M690-33-4847,U483-88-0334
M690-33-4847,U604-84-1211
M690-33-4847,U987-55-5172
M699-25-7591,U261-31-7991
M699-25-7591,U568-80-9619
M699-25-7591,U125-93-3928
M699-25-7591,U547-75-7491
M699-25-7591,U309-26-5704
M699-25-7591,U067-61-0437
M699-25-7591,U142-01-1906
M699-25-7591,U642-89-7273
M699-25-7591,U007-42-4402
M699-25-7591,U272-76-7486
M699-25-7591,U419-89-6609
M699-25-7591,U264-74-4593
M705-95-2924,U363-74-3944
M705-95-2924,U953-03-4551
M705-95-2924,U076-41-6640
M705-95-2924,U311-32-7126
M705-95-2924,U686-39-7067
M705-95-2924,U731-62-1400
M705-95-2924,U573-38-0505
M705-95-2924,U634-35-9005
M705-95-2924,U026-09-6168
M705-95-2924,U264-39-1312
M705-95-2924,U885-60-5645
M710-52-1663,U305-77-0844
M710-52-1663,U950-64-2577
M710-52-1663,U646-19-9747
M710-52-1663,U439-12-5293
M710-52-1663,U031-77-0409
M710-52-1663,U483-37-8502
M710-52-1663,U867-03-5941
M710-52-1663,U683-43-7117
M710-52-1663,U577-14-1506
M710-52-1663,U220-87-7625
M710-52-1663,U173-02-6959
M710-52-1663,U805-23-0358
M718-75-9945,U310-27-3779
M718-75-9945,U063-61-0767
M718-75-9945,U602-48-9064
M718-75-9945,U740-64-0007
M718-75-9945,U453-16-1197
M718-75-9945,U832-31-5011
M718-75-9945,U715-88-9052
M718-75-9945,U700-58-0400
M718-75-9945,U700-43-5985
M718-75-9945,U378-32-1561
M718-75-9945,U343-72-0841
M718-75-9945,U617-58-4757
M721-85-3596,U078-86-0895
M721-85-3596,U094-29-2215
M721-85-3596,U190-38-2646
M721-85-3596,U784-44-4320
M721-85-3596,U052-81-1408
M721-85-3596,U640-76-1105
M721-85-3596,U255-35-3331
M721-85-3596,U968-52-5114
M721-85-3596,U362-77-6084
M721-85-3596,U380-98-2700
M721-85-3596,U578-75-6392
M724-35-1270,U105-88-6293
M724-35-1270,U045-01-9028
M724-35-1270,U694-78-0228
M724-35-1270,U271-22-9706
M724-35-1270,U254-71-8546
M724-35-1270,U853-96-8617
M724-35-1270,U508-36-7507
M724-35-1270,U666-45-4834
M724-35-1270,U866-11-2528
M724-35-1270,U608-53-7934
M724-35-1270,U280-34-1669
M724-35-1270,U244-64-4912
M730-24-0118,U714-34-1762
M730-24-0118,U079-68-8492
M730-24-0118,U342-36-0110
M730-24-0118,U678-69-9331
M730-24-0118,U106-71-7576
M730-24-0118,U650-56-3553
M730-24-0118,U413-67-8107
M730-24-0118,U831-73-0523
M730-24-0118,U947-01-3443
M730-24-0118,U128-93-0940
M730-24-0118,U883-71-6164
M730-24-0118,U648-87-5627
M744-16-2913,U574-13-8630
M744-16-2913,U147-90-7094
M744-16-2913,U173-58-2135
M744-16-2913,U348-19-5427
M744-16-2913,U632-33-0171
M744-16-2913,U530-85-3271
M744-16-2913,U510-19-3009
M744-16-2913,U919-74-7190
M744-16-2913,U011-71-5853
M744-16-2913,U208-01-3067
M744-16-2913,U717-68-5763
M744-16-2913,U339-75-7656
M753-21-6133,U428-78-9121
M753-21-6133,U226-34-0172
M753-21-6133,U876-43-5598
M753-21-6133,U942-88-3582
M753-21-6133,U046-89-9408
M753-21-6133,U987-04-8256
M753-21-6133,U175-51-4723
M753-21-6133,U984-31-6182
M753-21-6133,U152-10-8236
M753-21-6133,U620-23-6949
M753-21-6133,U300-75-8024
M754-53-1788,U279-25-9927
M754-53-1788,U972-11-1194
M754-53-1788,U833-23-4917
M754-53-1788,U545-32-8331
M754-53-1788,U400-04-0816
M754-53-1788,U764-04-4746
M754-53-1788,U752-63-2864
M754-53-1788,U243-84-0769
M754-53-1788,U795-49-4127
M754-53-1788,U640-08-7059
M754-53-1788,U812-59-6487
M754-53-1788,U392-24-4325
M765-36-4812,U971-73-6968
M765-36-4812,U477-53-2486
M765-36-4812,U613-75-1109
M765-36-4812,U849-51-5809
M765-36-4812,U446-22-0968
M765-36-4812,U869-82-5867
M765-36-4812,U105-78-1838
M765-36-4812,U357-76-9627
M765-36-4812,U571-86-4824
M765-36-4812,U051-40-8118
M765-36-4812,U295-98-6297
M765-36-4812,U410-07-0731
M771-55-9732,U165-79-6922
M771-55-9732,U645-76-8495
M771-55-9732,U264-18-7336
M771-55-9732,U055-18-3024
M771-55-9732,U323-44-2648
M771-55-9732,U695-30-6306
M771-55-9732,U079-16-1298
M771-55-9732,U990-12-4667
M771-55-9732,U318-39-5728
M771-55-9732,U354-02-4788
M771-55-9732,U711-64-5838
M771-55-9732,U908-54-4511
M777-95-1193,U873-36-2728
M777-95-1193,U544-08-6754
M777-95-1193,U035-34-5394
M777-95-1193,U396-74-3504
M777-95-1193,U002-65-8145
M777-95-1193,U910-20-3135
M777-95-1193,U566-41-1393
M777-95-1193,U983-52-8587
M777-95-1193,U622-32-7042
M777-95-1193,U200-60-4888
M777-95-1193,U783-52-4786
M777-95-1193,U931-87-5099
M800-71-6868,U249-91-2943
M800-71-6868,U121-43-0698
M800-71-6868,U228-34-4102
M800-71-6868,U091-27-2497
M800-71-6868,U508-07-4175
M800-71-6868,U122-62-1227
M800-71-6868,U555-01-6428
M800-71-6868,U418-85-2848
M800-71-6868,U201-89-1360
M800-71-6868,U921-30-0592
M800-71-6868,U597-55-1994
M800-71-6868,U868-57-9309
M804-62-8927,U760-90-3244
M804-62-8927,U083-26-9674
M804-62-8927,U333-97-0755
M804-62-8927,U237-88-3353
M804-62-8927,U027-10-8164
M804-62-8927,U403-44-7281
M804-62-8927,U041-71-1228
M804-62-8927,U151-77-6178
M804-62-8927,U332-47-7205
M804-62-8927,U404-78-7651
M804-62-8927,U314-08-3667
M823-13-5727,U340-39-0473
M823-13-5727,U987-36-0421
M823-13-5727,U787-10-3471
M823-13-5727,U702-08-3916
M823-13-5727,U311-17-2561
M823-13-5727,U709-39-2417
M823-13-5727,U027-39-4320
M823-13-5727,U693-45-4642
M823-13-5727,U660-75-0208
M823-13-5727,U718-42-1050
M823-13-5727,U580-25-2578
M823-13-5727,U782-52-9477
M823-65-5516,U610-45-8328
M823-65-5516,U137-48-4972
M823-65-5516,U810-71-9406
M823-65-5516,U582-28-6604
M823-65-5516,U410-57-5351
M823-65-5516,U289-10-6632
M823-65-5516,U537-19-3739
M823-65-5516,U871-24-4448
M823-65-5516,U294-51-3957
M823-65-5516,U607-56-5630
M823-65-5516,U892-56-4759
M823-65-5516,U257-54-9550
M823-88-3120,U912-73-2221
M823-88-3120,U639-00-6638
M823-88-3120,U081-24-1623
M823-88-3120,U944-50-2678
M823-88-3120,U641-42-6933
M823-88-3120,U154-41-0464
M823-88-3120,U774-30-9311
M823-88-3120,U999-40-6791
M823-88-3120,U708-30-3926
M823-88-3120,U449-63-4263
M823-88-3120,U428-73-0717
M823-88-3120,U714-22-9780
M833-60-1443,U450-73-5256
M833-60-1443,U200-72-6695
M833-60-1443,U959-98-4774
M833-60-1443,U430-26-9848
M833-60-1443,U780-87-7212
M833-60-1443,U529-49-5745
M833-60-1443,U902-64-6942
M833-60-1443,U849-77-4166
M833-60-1443,U912-39-2737
M833-60-1443,U635-70-1901
M833-60-1443,U252-14-5030
M833-60-1443,U359-47-6670
M839-82-9733,U187-69-1916
M839-82-9733,U193-66-0327
M839-82-9733,U305-62-7583
M839-82-9733,U699-38-7150
M839-82-9733,U361-52-9443
M839-82-9733,U953-70-4063
M839-82-9733,U339-11-9381
M839-82-9733,U492-71-4023
M839-82-9733,U104-40-5686
M839-82-9733,U827-91-6619
M839-82-9733,U900-44-6189
M839-82-9733,U264-68-4680
M844-46-7516,U953-17-1921
M844-46-7516,U580-92-0231
M844-46-7516,U088-02-1261
M844-46-7516,U745-59-8842
M844-46-7516,U049-59-3191
M844-46-7516,U223-17-1647
M844-46-7516,U093-96-2124
M844-46-7516,U252-12-1948
M844-46-7516,U880-82-2012
M844-46-7516,U995-43-5044
M844-46-7516,U557-34-5000
M844-46-7516,U001-19-0753
M867-24-5013,U958-52-7994
M867-24-5013,U743-28-5996
M867-24-5013,U482-05-9756
M867-24-5013,U916-89-4964
M867-24-5013,U479-66-0858
M867-24-5013,U829-43-0304
M867-24-5013,U608-85-8463
M867-24-5013,U960-04-9772
M867-24-5013,U509-42-3593
M867-24-5013,U381-47-9424
M867-24-5013,U198-19-0541
M884-54-3355,U870-03-3131
M884-54-3355,U456-49-4262
M106-40-8634,U303-42-3120
M106-40-8634,U098-61-1303
M106-40-8634,U556-01-7952
M106-40-8634,U207-62-4360
M106-40-8634,U382-50-5701
M106-40-8634,U967-19-0190
M106-40-8634,U188-64-1030
M106-40-8634,U559-47-0935
M106-40-8634,U329-22-8476
M106-40-8634,U777-02-0144
M106-40-8634,U181-49-0116
M106-73-4049,U259-09-5143
M106-73-4049,U772-62-6982
M106-73-4049,U543-22-6674
M106-73-4049,U587-40-5652
M106-73-4049,U725-21-8783
M106-73-4049,U278-84-3549
M106-73-4049,U094-15-4996
M106-73-4049,U297-97-0913
M106-73-4049,U286-60-6988
M106-73-4049,U886-20-6714
M106-73-4049,U607-55-9713
M106-73-4049,U502-44-2140
M113-86-8326,U127-15-1796
M113-86-8326,U777-71-1954
M113-86-8326,U582-30-5578
M113-86-8326,U527-42-5616
M113-86-8326,U292-53-6642
M113-86-8326,U878-99-0063
M113-86-8326,U607-48-4765
M113-86-8326,U101-89-3555
M113-86-8326,U684-09-8819
M113-86-8326,U915-87-2135
M113-86-8326,U677-93-3805
M113-98-9376,U964-59-5100
M113-98-9376,U215-95-8840
M113-98-9376,U281-39-2693
M113-98-9376,U652-46-8271
M113-98-9376,U132-99-5602
M113-98-9376,U579-80-7188
M113-98-9376,U148-68-7319
M113-98-9376,U246-26-9000
M113-98-9376,U427-08-4686
M113-98-9376,U730-38-8638
M113-98-9376,U769-50-5340
M113-98-9376,U854-58-3829
M116-06-5401,U224-01-1572
M116-06-5401,U373-24-7187
M116-06-5401,U942-93-1351
M116-06-5401,U012-21-8932
M116-06-5401,U787-76-9379
M116-06-5401,U496-31-9121
M116-06-5401,U119-68-3890
M116-06-5401,U042-13-3090
M116-06-5401,U675-95-2198
M116-06-5401,U023-56-5575
M116-06-5401,U919-12-8140
M128-79-8087,U940-04-9700
M128-79-8087,U947-68-0377
M128-79-8087,U054-00-0331
M128-79-8087,U037-15-6213
M128-79-8087,U331-34-8352
M128-79-8087,U500-59-8971
M128-79-8087,U241-91-5981
M128-79-8087,U336-62-8894
M128-79-8087,U939-24-4029
M128-79-8087,U982-63-0758
M128-79-8087,U897-92-3580
M128-79-8087,U638-98-1826
M129-23-7326,U697-39-4847
M129-23-7326,U209-12-9126
M129-23-7326,U713-02-6025
M129-23-7326,U921-52-8997
M129-23-7326,U937-19-8137
M129-23-7326,U855-25-2693
M129-23-7326,U788-18-7400
M129-23-7326,U853-49-4989
M129-23-7326,U673-58-0492
M129-23-7326,U977-23-0316
M129-23-7326,U792-51-2469
M162-48-0923,U483-88-0334
M162-48-0923,U604-84-1211
M162-48-0923,U987-55-5172
M162-48-0923,U261-31-7991
M162-48-0923,U568-80-9619
M162-48-0923,U125-93-3928
M162-48-0923,U547-75-7491
M162-48-0923,U309-26-5704
M162-48-0923,U067-61-0437
M162-48-0923,U142-01-1906
M162-48-0923,U642-89-7273
M163-92-2721,U007-42-4402
M163-92-2721,U272-76-7486
M163-92-2721,U419-89-6609
M163-92-2721,U264-74-4593
M163-92-2721,U363-74-3944
M163-92-2721,U953-03-4551
M163-92-2721,U076-41-6640
M163-92-2721,U311-32-7126
M163-92-2721,U686-39-7067
M163-92-2721,U731-62-1400
M163-92-2721,U573-38-0505
M166-80-9660,U634-35-9005
M166-80-9660,U026-09-6168
M166-80-9660,U264-39-1312
M166-80-9660,U885-60-5645
M166-80-9660,U305-77-0844
M166-80-9660,U950-64-2577
M166-80-9660,U646-19-9747
M166-80-9660,U439-12-5293
M166-80-9660,U031-77-0409
M166-80-9660,U483-37-8502
M166-80-9660,U867-03-5941
M166-80-9660,U683-43-7117
M167-13-5033,U577-14-1506
M167-13-5033,U220-87-7625
M167-13-5033,U173-02-6959
M167-13-5033,U805-23-0358
M167-13-5033,U310-27-3779
M167-13-5033,U063-61-0767
M167-13-5033,U602-48-9064
M167-13-5033,U740-64-0007
M167-13-5033,U453-16-1197
M167-13-5033,U832-31-5011
M167-13-5033,U715-88-9052
M167-55-6595,U700-58-0400
M167-55-6595,U700-43-5985
M167-55-6595,U378-32-1561
M167-55-6595,U343-72-0841
M167-55-6595,U617-58-4757
M167-55-6595,U078-86-0895
M167-55-6595,U094-29-2215
M167-55-6595,U190-38-2646
M167-55-6595,U784-44-4320
M167-55-6595,U052-81-1408
M167-55-6595,U640-76-1105
M167-55-6595,U255-35-3331
M167-86-7313,U968-52-5114
M167-86-7313,U362-77-6084
M167-86-7313,U380-98-2700
M167-86-7313,U578-75-6392
M167-86-7313,U105-88-6293
M167-86-7313,U045-01-9028
M167-86-7313,U694-78-0228
M167-86-7313,U271-22-9706
M167-86-7313,U254-71-8546
M167-86-7313,U853-96-8617
M167-86-7313,U508-36-7507
M167-86-7313,U666-45-4834
M169-42-0322,U866-11-2528
M169-42-0322,U608-53-7934
M169-42-0322,U280-34-1669
M169-42-0322,U244-64-4912
M169-42-0322,U714-34-1762
M169-42-0322,U079-68-8492
M169-42-0322,U342-36-0110
M169-42-0322,U678-69-9331
M169-42-0322,U106-71-7576
M169-42-0322,U650-56-3553
M169-42-0322,U413-67-8107
M169-42-0322,U831-73-0523
M179-92-5923,U947-01-3443
M179-92-5923,U128-93-0940
M179-92-5923,U883-71-6164
M179-92-5923,U648-87-5627
M179-92-5923,U574-13-8630
M179-92-5923,U147-90-7094
M179-92-5923,U173-58-2135
M179-92-5923,U348-19-5427
M179-92-5923,U632-33-0171
M179-92-5923,U530-85-3271
M179-92-5923,U510-19-3009
M184-45-7339,U919-74-7190
M184-45-7339,U011-71-5853
M184-45-7339,U208-01-3067
M184-45-7339,U717-68-5763
M184-45-7339,U339-75-7656
M184-45-7339,U428-78-9121
M184-45-7339,U226-34-0172
M184-45-7339,U876-43-5598
M184-45-7339,U942-88-3582
M184-45-7339,U046-89-9408
M184-45-7339,U987-04-8256
M191-72-5041,U175-51-4723
M191-72-5041,U984-31-6182
M191-72-5041,U152-10-8236
M191-72-5041,U620-23-6949
M191-72-5041,U300-75-8024
M191-72-5041,U279-25-9927
M191-72-5041,U972-11-1194
M191-72-5041,U833-23-4917
M191-72-5041,U545-32-8331
M191-72-5041,U400-04-0816
M191-72-5041,U764-04-4746
M199-75-2181,U752-63-2864
M199-75-2181,U243-84-0769
M199-75-2181,U795-49-4127
M199-75-2181,U640-08-7059
M199-75-2181,U812-59-6487
M199-75-2181,U392-24-4325
M199-75-2181,U971-73-6968
M199-75-2181,U477-53-2486
M199-75-2181,U613-75-1109
M199-75-2181,U849-51-5809
M199-75-2181,U446-22-0968
M199-75-2181,U869-82-5867
M210-14-0108,U105-78-1838
M210-14-0108,U357-76-9627
M210-14-0108,U571-86-4824
M210-14-0108,U051-40-8118
M210-14-0108,U295-98-6297
M210-14-0108,U410-07-0731
M210-14-0108,U165-79-6922
M210-14-0108,U645-76-8495
M210-14-0108,U264-18-7336
M210-14-0108,U055-18-3024
M210-14-0108,U323-44-2648
M210-14-0108,U695-30-6306
M210-38-6779,U079-16-1298
M210-38-6779,U990-12-4667
M210-38-6779,U318-39-5728
M210-38-6779,U354-02-4788
M210-38-6779,U711-64-5838
M210-38-6779,U908-54-4511
M210-38-6779,U873-36-2728
M210-38-6779,U544-08-6754
M210-38-6779,U035-34-5394
M210-38-6779,U396-74-3504
M210-38-6779,U002-65-8145
M213-99-1860,U910-20-3135
M213-99-1860,U566-41-1393
M213-99-1860,U983-52-8587
M213-99-1860,U622-32-7042
M213-99-1860,U200-60-4888
M213-99-1860,U783-52-4786
M213-99-1860,U931-87-5099
M213-99-1860,U249-91-2943
M213-99-1860,U121-43-0698
M213-99-1860,U228-34-4102
M213-99-1860,U091-27-2497
M213-99-1860,U508-07-4175
M246-40-8813,U122-62-1227
M246-40-8813,U555-01-6428
M246-40-8813,U418-85-2848
M246-40-8813,U201-89-1360
M246-40-8813,U921-30-0592
M246-40-8813,U597-55-1994
M246-40-8813,U868-57-9309
M246-40-8813,U760-90-3244
M246-40-8813,U083-26-9674
M246-40-8813,U333-97-0755
M246-40-8813,U237-88-3353
M246-40-8813,U027-10-8164
M247-70-8243,U403-44-7281
M247-70-8243,U041-71-1228
M247-70-8243,U151-77-6178
M247-70-8243,U332-47-7205
M247-70-8243,U404-78-7651
M247-70-8243,U314-08-3667
M247-70-8243,U340-39-0473
M247-70-8243,U987-36-0421
M247-70-8243,U787-10-3471
M247-70-8243,U702-08-3916
M247-70-8243,U311-17-2561
M247-70-8243,U709-39-2417
M248-50-4093,U027-39-4320
M248-50-4093,U693-45-4642
M248-50-4093,U660-75-0208
M248-50-4093,U718-42-1050
M248-50-4093,U580-25-2578
M248-50-4093,U782-52-9477
M248-50-4093,U610-45-8328
M248-50-4093,U137-48-4972
M248-50-4093,U810-71-9406
M248-50-4093,U582-28-6604
M248-50-4093,U410-57-5351
M248-50-4093,U289-10-6632
M261-36-4819,U537-19-3739
M261-36-4819,U871-24-4448
M261-36-4819,U294-51-3957
M261-36-4819,U607-56-5630
M261-36-4819,U892-56-4759
M261-36-4819,U257-54-9550
M261-36-4819,U912-73-2221
M261-36-4819,U639-00-6638
M261-36-4819,U081-24-1623
M261-36-4819,U944-50-2678
M261-36-4819,U641-42-6933
M261-36-4819,U154-41-0464
M263-21-3077,U774-30-9311
M263-21-3077,U999-40-6791
M263-21-3077,U708-30-3926
M263-21-3077,U449-63-4263
M263-21-3077,U428-73-0717
M263-21-3077,U714-22-9780
M263-21-3077,U450-73-5256
M263-21-3077,U200-72-6695
M263-21-3077,U959-98-4774
M263-21-3077,U430-26-9848
M263-21-3077,U780-87-7212
M266-81-7608,U529-49-5745
M266-81-7608,U902-64-6942
M266-81-7608,U849-77-4166
M266-81-7608,U912-39-2737
M266-81-7608,U635-70-1901
M266-81-7608,U252-14-5030
M266-81-7608,U359-47-6670
M266-81-7608,U187-69-1916
M266-81-7608,U193-66-0327
M266-81-7608,U305-62-7583
M266-81-7608,U699-38-7150
M266-81-7608,U361-52-9443
M268-49-8624,U953-70-4063
M268-49-8624,U339-11-9381
M268-49-8624,U492-71-4023
M268-49-8624,U104-40-5686
M268-49-8624,U827-91-6619
M268-49-8624,U900-44-6189
M268-49-8624,U264-68-4680
M268-49-8624,U953-17-1921
M268-49-8624,U580-92-0231
M268-49-8624,U088-02-1261
M268-49-8624,U745-59-8842
M268-49-8624,U049-59-3191
M274-73-9988,U223-17-1647
M274-73-9988,U093-96-2124
M274-73-9988,U252-12-1948
M274-73-9988,U880-82-2012
M274-73-9988,U995-43-5044
M274-73-9988,U557-34-5000
M274-73-9988,U001-19-0753
M274-73-9988,U958-52-7994
M274-73-9988,U743-28-5996
M274-73-9988,U482-05-9756
M274-73-9988,U916-89-4964
M274-73-9988,U479-66-0858
M279-62-1804,U829-43-0304
M279-62-1804,U608-85-8463
M279-62-1804,U960-04-9772
M279-62-1804,U509-42-3593
M279-62-1804,U381-47-9424
M279-62-1804,U198-19-0541
M279-62-1804,U870-03-3131
M279-62-1804,U456-49-4262
M279-62-1804,U203-70-9418
M279-62-1804,U615-57-5158
M279-62-1804,U575-61-8936
M290-70-9302,U766-93-5677
M290-70-9302,U507-18-4700
M290-70-9302,U812-20-0003
M290-70-9302,U089-13-7819
M290-70-9302,U432-65-1432
M290-70-9302,U955-55-4371
M290-70-9302,U906-47-8357
M290-70-9302,U267-08-2233
M290-70-9302,U064-57-4321
M290-70-9302,U540-12-3345
M290-70-9302,U429-06-0994
M290-70-9302,U378-65-0376
M303-54-8575,U850-00-1228
M303-54-8575,U148-34-5097
M303-54-8575,U321-79-7721
M303-54-8575,U747-32-1541
M303-54-8575,U918-96-2501
M303-54-8575,U706-15-8845
M303-54-8575,U134-95-1713
M303-54-8575,U877-66-8586
M303-54-8575,U146-20-5204
M303-54-8575,U613-07-4318
M303-54-8575,U346-99-9742
M303-54-8575,U755-83-4829
M321-01-8214,U198-88-0597
M321-01-8214,U102-18-8301
M321-01-8214,U733-14-0249
M321-01-8214,U966-08-3428
M321-01-8214,U624-46-8209
M321-01-8214,U051-57-8838
M321-01-8214,U425-51-7062
M321-01-8214,U265-31-1127
M321-01-8214,U086-16-8896
M321-01-8214,U869-21-1336
M321-01-8214,U513-11-6803
M321-01-8214,U767-42-6699
M322-82-4647,U950-04-4761
M322-82-4647,U389-85-4323
M322-82-4647,U798-33-3007
M322-82-4647,U652-77-6545
M322-82-4647,U243-89-8214
M322-82-4647,U936-37-4261
M322-82-4647,U930-15-1358
M322-82-4647,U206-32-1790
M322-82-4647,U086-05-9099
M322-82-4647,U557-03-1969
M322-82-4647,U615-52-5031
M322-82-4647,U283-67-7448
M342-52-3881,U289-93-0577
M342-52-3881,U538-06-4250
M342-52-3881,U842-05-9260
M342-52-3881,U300-88-7797
M342-52-3881,U198-26-1624
M342-52-3881,U893-10-3914
M342-52-3881,U977-18-7266
M342-52-3881,U635-77-7597
M342-52-3881,U297-09-4167
M342-52-3881,U544-54-2241
M342-52-3881,U366-39-4970
M342-52-3881,U468-10-1899
M342-71-4063,U003-73-2328
M342-71-4063,U661-00-6349
M342-71-4063,U586-21-2638
M342-71-4063,U508-55-3254
M342-71-4063,U620-62-3230
M342-71-4063,U177-19-0150
M342-71-4063,U437-51-3425
M342-71-4063,U381-81-8064
M342-71-4063,U680-37-8195
M342-71-4063,U527-74-3328
M342-71-4063,U360-08-5375
M342-71-4063,U556-24-6044
M349-61-3457,U521-72-0549
M349-61-3457,U552-93-7215
M349-61-3457,U787-49-6251
M349-61-3457,U312-36-4745
M349-61-3457,U558-43-3252
M349-61-3457,U831-51-9439
M349-61-3457,U412-46-0021
M349-61-3457,U439-42-5511
M349-61-3457,U417-01-6063
M349-61-3457,U016-71-0019
M349-61-3457,U736-37-1415
M349-61-3457,U146-73-0469
M352-52-2756,U072-11-5040
M352-52-2756,U109-98-9806
M352-52-2756,U831-21-7626
M352-52-2756,U929-37-3613
M352-52-2756,U851-89-5738
M352-52-2756,U392-70-3940
M352-52-2756,U819-56-2641
M352-52-2756,U357-50-5419
M352-52-2756,U894-68-3866
M352-52-2756,U731-46-2782
M352-52-2756,U971-16-2487
M352-52-2756,U044-70-3162
M372-66-7824,U226-50-3345
M372-66-7824,U711-73-9761
M372-66-7824,U681-83-2260
M372-66-7824,U566-95-1366
M372-66-7824,U660-55-4280
M372-66-7824,U305-18-3564
M372-66-7824,U977-68-0838
M372-66-7824,U398-84-6906
M372-66-7824,U077-64-0782
M372-66-7824,U206-22-5631
M372-66-7824,U486-75-8407
M372-66-7824,U823-35-7704
M423-18-7449,U260-36-0158
M423-18-7449,U673-07-7888
M423-18-7449,U802-99-3437
M423-18-7449,U287-39-5328
M423-18-7449,U060-52-1476
M423-18-7449,U792-11-4536
M423-18-7449,U258-82-4129
M423-18-7449,U537-73-2212
M423-18-7449,U573-64-9309
M423-18-7449,U989-70-3975
M423-18-7449,U969-62-5260
M423-18-7449,U753-34-1162
M427-34-9912,U540-94-8235
M427-34-9912,U613-78-8424
M427-34-9912,U871-99-9243
M427-34-9912,U514-70-6516
M427-34-9912,U252-76-5748
M427-34-9912,U937-37-6347
M427-34-9912,U299-98-6317
M427-34-9912,U298-52-4428
M427-34-9912,U606-47-8994
M427-34-9912,U243-23-6786
M427-34-9912,U120-17-9485
M427-34-9912,U346-97-3919
M439-95-2612,U824-30-0800
M439-95-2612,U224-33-4553
M439-95-2612,U424-45-2077
M439-95-2612,U536-12-6742
M439-95-2612,U501-43-3345
M439-95-2612,U121-97-4493
M439-95-2612,U141-36-3081
M439-95-2612,U685-49-1451
M439-95-2612,U152-66-6600
M439-95-2612,U661-33-7235
M439-95-2612,U674-42-5837
M439-95-2612,U563-04-2303
M442-89-7860,U031-95-4560
M442-89-7860,U061-13-4233
M442-89-7860,U970-96-8911
M442-89-7860,U822-35-6323
M442-89-7860,U808-60-9130
M442-89-7860,U265-22-9024
M442-89-7860,U374-22-1899
M442-89-7860,U210-58-1405
M442-89-7860,U755-46-0396
M442-89-7860,U364-15-9958
M442-89-7860,U319-02-0298
M445-52-6325,U069-30-4978
M445-52-6325,U329-16-8406
M445-52-6325,U463-53-1734
M445-52-6325,U480-99-9321
M445-52-6325,U701-20-4601
M445-52-6325,U019-53-3175
M445-52-6325,U567-08-4732
M445-52-6325,U752-02-0769
M445-52-6325,U655-32-7319
M445-52-6325,U701-17-8790
M445-52-6325,U590-90-2889
M445-52-6325,U448-66-5250
M460-33-9909,U954-46-0442
M460-33-9909,U710-69-8688
M460-33-9909,U409-09-1922
M460-33-9909,U854-08-3453
M460-33-9909,U849-69-5829
M460-33-9909,U235-10-3028
M460-33-9909,U509-26-8464
M460-33-9909,U076-80-2962
M460-33-9909,U700-78-5044
M460-33-9909,U462-65-9791
M460-33-9909,U722-46-7057
M460-33-9909,U110-80-6163
M491-85-1644,U916-66-1274
M491-85-1644,U060-86-5238
M491-85-1644,U920-47-1824
M491-85-1644,U112-02-5258
M491-85-1644,U080-22-7648
M491-85-1644,U433-04-6670
M491-85-1644,U117-90-9970
M491-85-1644,U442-04-3885
M491-85-1644,U113-70-5954
M491-85-1644,U873-15-8990
M491-85-1644,U380-91-8945
M512-41-2795,U030-38-3911
M512-41-2795,U074-90-7350
M512-41-2795,U833-95-4273
M512-41-2795,U338-39-0905
M512-41-2795,U138-94-9343
M512-41-2795,U063-68-3983
M512-41-2795,U014-41-0928
M512-41-2795,U283-32-1292
M512-41-2795,U287-43-7362
M512-41-2795,U589-41-0409
M512-41-2795,U318-02-3673
M512-41-2795,U223-13-1730
M513-74-9022,U945-93-3689
M513-74-9022,U186-50-5640
M513-74-9022,U040-56-9451
M513-74-9022,U090-21-1552
M513-74-9022,U735-27-6034
M513-74-9022,U028-14-3326
M513-74-9022,U426-42-0173
M513-74-9022,U843-59-1081
M513-74-9022,U174-99-2886
M513-74-9022,U108-72-5528
M513-74-9022,U534-73-9054
M513-74-9022,U665-98-9965
M534-95-8279,U171-12-9462
M534-95-8279,U602-67-6678
M534-95-8279,U876-11-5470
M534-95-8279,U686-14-4357
M534-95-8279,U589-82-2147
M534-95-8279,U950-39-6171
M534-95-8279,U446-21-0485
M534-95-8279,U675-15-6114
M534-95-8279,U369-04-2063
M534-95-8279,U808-83-9246
M534-95-8279,U520-41-9677
M541-42-7246,U251-02-4026
M541-42-7246,U524-22-8150
M541-42-7246,U088-56-0504
M541-42-7246,U336-31-3222
M541-42-7246,U376-02-7622
M541-42-7246,U777-92-6927
M541-42-7246,U043-91-0864
M541-42-7246,U432-94-4570
M541-42-7246,U743-93-7290
M541-42-7246,U283-75-4883
M541-42-7246,U130-34-3112
M541-42-7246,U550-66-5713
M543-52-9162,U244-73-8943
M543-52-9162,U115-90-9717
M543-52-9162,U259-57-9383
M543-52-9162,U074-05-7244
M543-52-9162,U066-75-7711
M543-52-9162,U414-22-6445
M543-52-9162,U255-92-7360
M543-52-9162,U111-22-3841
M543-52-9162,U044-49-5875
M543-52-9162,U847-79-1862
M543-52-9162,U915-63-1780
M543-52-9162,U125-46-3709
M546-03-3865,U773-22-3657
M546-03-3865,U153-66-6608
M546-03-3865,U103-50-8331
M546-03-3865,U863-79-7099
M546-03-3865,U377-24-1749
M546-03-3865,U042-80-7224
M546-03-3865,U185-47-8306
M546-03-3865,U650-91-2461
M546-03-3865,U388-80-8919
M546-03-3865,U540-60-0004
M546-03-3865,U846-62-2285
M546-03-3865,U231-24-6127
M547-86-5673,U687-65-5239
M547-86-5673,U217-34-1019
M547-86-5673,U410-27-7374
M547-86-5673,U645-23-3372
M547-86-5673,U015-37-8626
M547-86-5673,U444-45-5029
M547-86-5673,U351-31-3330
M547-86-5673,U645-43-2263
M547-86-5673,U942-97-0566
M547-86-5673,U350-12-7064
M547-86-5673,U884-34-1946
M547-86-5673,U985-47-1557
M548-09-3043,U382-06-2194
M548-09-3043,U819-93-4319
M548-09-3043,U653-47-0723
M548-09-3043,U850-19-0217
M548-09-3043,U625-54-2755
M548-09-3043,U768-56-6390
M548-09-3043,U037-65-5001
M548-09-3043,U349-46-5998
M548-09-3043,U148-88-5973
M548-09-3043,U414-80-0403
M548-09-3043,U874-29-7645
M548-09-3043,U392-60-9995
M554-66-5612,U716-20-5280
M554-66-5612,U129-76-1112
M554-66-5612,U398-92-8884
M554-66-5612,U005-43-4386
M554-66-5612,U907-16-0132
M554-66-5612,U289-68-7146
M554-66-5612,U251-38-6183
M884-54-3355,U203-70-9418
M884-54-3355,U615-57-5158
M884-54-3355,U575-61-8936
M884-54-3355,U766-93-5677
M884-54-3355,U507-18-4700
M884-54-3355,U812-20-0003
M884-54-3355,U089-13-7819
M884-54-3355,U432-65-1432
M884-54-3355,U955-55-4371
M884-54-3355,U906-47-8357
M890-17-0513,U267-08-2233
M890-17-0513,U064-57-4321
M890-17-0513,U540-12-3345
M890-17-0513,U429-06-0994
M890-17-0513,U378-65-0376
M890-17-0513,U850-00-1228
M890-17-0513,U148-34-5097
M890-17-0513,U321-79-7721
M890-17-0513,U747-32-1541
M890-17-0513,U918-96-2501
M890-17-0513,U706-15-8845
M890-17-0513,U134-95-1713
M320-51-0486,U719-64-1526
M320-51-0486,U691-74-2839
M320-51-0486,U044-42-7061
M320-51-0486,U248-04-2310
M320-51-0486,U734-78-9351
M320-51-0486,U181-06-6801
M320-51-0486,U042-91-1493
M320-51-0486,U532-67-0016
M320-51-0486,U152-76-6475
M320-51-0486,U518-53-9504
M320-51-0486,U194-22-0026
M320-51-0486,U443-25-9557
M320-51-0486,U113-57-7626
M320-51-0486,U533-08-8623
M320-51-0486,U789-93-6144
M346-73-1868,U004-55-0864
M346-73-1868,U093-31-1656
M346-73-1868,U076-45-4445
M346-73-1868,U744-11-6409
M346-73-1868,U924-93-4688
M346-73-1868,U109-79-1078
M346-73-1868,U806-25-0953
M346-73-1868,U012-16-1750
M346-73-1868,U470-46-3575
M346-73-1868,U340-16-8379
M346-73-1868,U512-82-1169
M346-73-1868,U496-86-2949
M346-73-1868,U919-33-6147
M346-73-1868,U271-96-5778
M346-73-1868,U286-52-5979
M458-69-5318,U828-05-4333
M458-69-5318,U375-33-8994
M458-69-5318,U743-22-5880
M458-69-5318,U113-02-7297
M458-69-5318,U661-61-7731
M458-69-5318,U758-95-4352
M458-69-5318,U293-05-0573
M458-69-5318,U825-94-8288
M458-69-5318,U260-05-5547
M458-69-5318,U887-27-2094
M458-69-5318,U651-26-2071
M458-69-5318,U058-64-9590
M458-69-5318,U848-96-6153
M458-69-5318,U901-73-7610
M458-69-5318,U878-62-4561
M486-03-9983,U134-11-1576
M486-03-9983,U331-38-1642
M486-03-9983,U405-32-8192
M486-03-9983,U328-68-9623
M486-03-9983,U003-19-4683
M486-03-9983,U648-32-9699
M486-03-9983,U564-99-6112
M486-03-9983,U178-01-4720
M486-03-9983,U357-84-0925
M486-03-9983,U461-14-8801
M486-03-9983,U166-03-3861
M486-03-9983,U424-77-1293
M486-03-9983,U218-70-2516
M486-03-9983,U990-51-2730
M536-79-1880,U674-26-3044
M536-79-1880,U197-90-6042
M536-79-1880,U185-29-3886
M536-79-1880,U770-71-3602
M536-79-1880,U023-47-3353
M536-79-1880,U122-73-5885
M536-79-1880,U076-30-8694
M536-79-1880,U137-31-2200
M536-79-1880,U376-30-9428
M536-79-1880,U584-37-2203
M536-79-1880,U345-83-3616
M536-79-1880,U914-83-3326
M536-79-1880,U745-91-9317
M536-79-1880,U092-78-2012
M536-79-1880,U876-23-4250
M547-93-5055,U013-18-1816
M547-93-5055,U694-37-1110
M547-93-5055,U852-54-8656
M547-93-5055,U827-59-0585
M547-93-5055,U868-02-1440
M547-93-5055,U988-26-6872
M547-93-5055,U095-53-6672
M547-93-5055,U021-59-5224
M547-93-5055,U391-09-1510
M547-93-5055,U747-23-1370
M547-93-5055,U367-00-8308
M547-93-5055,U194-80-1825
M547-93-5055,U719-64-1526
M547-93-5055,U691-74-2839
M547-93-5055,U044-42-7061
M760-20-2606,U248-04-2310
M760-20-2606,U734-78-9351
M760-20-2606,U181-06-6801
M760-20-2606,U042-91-1493
M760-20-2606,U532-67-0016
M760-20-2606,U152-76-6475
M760-20-2606,U518-53-9504
M760-20-2606,U194-22-0026
M760-20-2606,U443-25-9557
M760-20-2606,U113-57-7626
M760-20-2606,U533-08-8623
M760-20-2606,U789-93-6144
M760-20-2606,U004-55-0864
M760-20-2606,U093-31-1656
M760-20-2606,U076-45-4445
M791-18-9153,U744-11-6409
M791-18-9153,U924-93-4688
M791-18-9153,U109-79-1078
M791-18-9153,U806-25-0953
M791-18-9153,U012-16-1750
M791-18-9153,U470-46-3575
M791-18-9153,U340-16-8379
M791-18-9153,U512-82-1169
M791-18-9153,U496-86-2949
M791-18-9153,U919-33-6147
M791-18-9153,U271-96-5778
M791-18-9153,U286-52-5979
M791-18-9153,U828-05-4333
M791-18-9153,U375-33-8994
M791-18-9153,U743-22-5880
